<?xml version="1.0" encoding="UTF-8"?>
<animationTemplates>
	<animationTemplate name="characterAnimation3" frameDuration="0.3">
		<animation name="standDown">
			<frame x="0" y="0" />
		</animation>
		<animation name="standUp">
			<frame x="0" y="1" />
		</animation>
		<animation name="standLeft">
			<frame x="0" y="2" />
		</animation>
		<animation name="standRight">
			<frame x="0" y="3" />
		</animation>
		<animation name="moveDown">
			<frame x="0" y="0" />
			<frame x="0" y="1" />
			<frame x="0" y="0" />
			<frame x="0" y="2" />
		</animation>
		<animation name="moveUp">
			<frame x="1" y="0" />
			<frame x="1" y="1" />
			<frame x="1" y="0" />
			<frame x="1" y="2" />
		</animation>
		<animation name="moveLeft">
			<frame x="2" y="0" />
			<frame x="2" y="1" />
			<frame x="2" y="0" />
			<frame x="2" y="2" />
		</animation>
		<animation name="moveRight">
			<frame x="3" y="0" />
			<frame x="3" y="1" />
			<frame x="3" y="0" />
			<frame x="3" y="2" />
		</animation>
	</animationTemplate>
</animationTemplates>