<?xml version="1.0" encoding="UTF-8"?>
<equipmentOffsets>
	<equipmentOffset name="sword">

		<frameOffset x="0" y="0" offsetX="-3" offsetY="2" />
		<frameOffset x="1" y="0" offsetX="-3" offsetY="2" back="true" />
		<frameOffset x="2" y="0" offsetX="-2" offsetY="1" />

		<frameOffset x="0" y="1" offsetX="4" offsetY="1" back="true" />
		<frameOffset x="1" y="1" offsetX="4" offsetY="0" back="true" />
		<frameOffset x="2" y="1" offsetX="5" offsetY="2" back="true" />

		<frameOffset x="0" y="2" offsetX="2" offsetY="2" />
		<frameOffset x="1" y="2" offsetX="3" offsetY="2" />
		<frameOffset x="2" y="2" offsetX="-2" offsetY="2" />

		<frameOffset x="0" y="3" offsetX="0" offsetY="2" />
		<frameOffset x="1" y="3" offsetX="-1" offsetY="2" />
		<frameOffset x="2" y="3" offsetX="4" offsetY="2" />

	</equipmentOffset>
</equipmentOffsets>