<?xml version="1.0" encoding="UTF-8"?>
<itemRewards>
	<itemReward name="tree">
		<item name="wood" quantity="1" probability="1" />
		<item name="wood" quantity="1" probability="0.7" />
		<item name="apple" quantity="1" probability="0.2" />
	</itemReward>
	<itemReward name="cotton">
		<item name="cotton" quantity="1" probability="1" />
		<item name="cotton" quantity="1" probability="1" />
	</itemReward>
	<itemReward name="rock">
		<item name="stone" quantity="1" probability="1" />
		<item name="stone" quantity="1" probability="0.5" />
		<item name="iron" quantity="1" probability="0.25" />
	</itemReward>
</itemRewards>