<?xml version="1.0" encoding="UTF-8"?>
<mapGenerators>
	<mapGenerator name="default">
		<heightmaps>
			<heightmap name="height" octave="5" persistence="0.7" scale="50" />
			<heightmap name="moisture" octave="3" persistence="0.6" scale="40" />
		</heightmaps>
		<defaultTile>deepWater</defaultTile>
		<tileGenerators>
			<tileGenerator>
				<heightmapCondition name="height" min="0" max="0.25" />
				<tile>deepWater</tile>
			</tileGenerator>
			<tileGenerator>
				<heightmapCondition name="height" min="0.25" max="0.3" />
				<tile>water</tile>
			</tileGenerator>
			<tileGenerator>
				<heightmapCondition name="height" min="0.3" max="0.35" />
				<tile>sand</tile>
			</tileGenerator>
			<tileGenerator>
				<heightmapCondition name="height" min="0.35" max="0.8" />
				<tile>grass</tile>
			</tileGenerator>
			<tileGenerator>
				<heightmapCondition name="height" min="0.8" max="0.9" />
				<tile>rock</tile>
			</tileGenerator>
			<tileGenerator>
				<heightmapCondition name="height" min="0.9" max="1" />
				<tile>mountain</tile>
			</tileGenerator>
		</tileGenerators>
		<structureGenerators>
			<!-- Dense Forest -->
			<structureGenerator density="0.04">
				<heightmapCondition name="height" min="0.36" max="0.79" />
				<heightmapCondition name="moisture" min="0.8" max="1" />
				<structure probability="0.8">tree</structure>
				<structure probability="0.2">cottonBush</structure>
			</structureGenerator>
			<!-- Light Forest -->
			<structureGenerator density="0.01">
				<heightmapCondition name="height" min="0.36" max="0.79" />
				<heightmapCondition name="moisture" min="0.5" max="0.7" />
				<density>0.07</density>
				<structure probability="0.6">tree</structure>
				<structure probability="0.4">cottonBush</structure>
			</structureGenerator>
			<!-- Rocks -->
			<structureGenerator density = "0.01">
				<heightmapCondition name="height" min="0.81" max="0.89" />
				<heightmapCondition name="moisture" min="0" max="0.3" />
				<structure>rock</structure>
			</structureGenerator>
		</structureGenerators>
	</mapGenerator>
</mapGenerators>