<?xml version="1.0" encoding="UTF-8"?>
<items image="items.png">
	<item name="wood_sword" type="melee_weapon">
		<frame x="0" y="0" />
		<spriteSheet>wood_sword</spriteSheet>
	</item>
	<item name="wood" type="resource" stackSize="50">
		<frame x="1" y="0" />
	</item>
	<item name="cotton" type="resource"  stackSize="100">
		<frame x="2" y="0" />
	</item>
	<item name="healing_pack" type="edible"  stackSize="10">
		<frame x="3" y="0" />
	</item>
	<item name="leather_armor" type="clothing">
		<frame x="4" y="0" />
		<spriteSheet>leatherArmor</spriteSheet>
	</item>
	<item name="leather" type="resource" stackSize="50">
		<frame x="5" y="0" />
	</item>
	<item name="bow" type="ranged_weapon">
		<frame x="0" y="1" />
	</item>
	<item name="arrow" type="resource" stackSize="500">
		<frame x="1" y="1" />
	</item>
	<item name="pixie_powder" type="resource" stackSize="100">
		<frame x="2" y="1" />
	</item>
	<item name="apple" type="edible" stackSize="20">
		<frame x="3" y="1" />
	</item>
	<item name="raw_meat" type="edible" stackSize="20">
		<frame x="4" y="1" />
	</item>
	<item name="campfire" type="structure">
		<structure>campfire</structure>
		<frame x="5" y="1" />
	</item>
	<item name="cooked_meat" type="edible" stackSize="20">
		<frame x="0" y="2" />
	</item>
	<item name="hard_leather" type="resource" stackSize="25">
		<frame x="1" y="2" />
	</item>
	<item name="stone" type="resource" stackSize="10">
		<frame x="2" y="2" />
	</item>
	<item name="iron" type="resource" stackSize="20">
		<frame x="3" y="2" />
	</item>
	<item name="horn" type="resource" stackSize="25">
		<frame x="4" y="2" />
	</item>
	<item name="hard_leather_armor" type="clothing">
		<spriteSheet>hardLeatherArmor</spriteSheet>
		<frame x="5" y="2" />
	</item>
	<item name="iron_armor" type="clothing">
		<frame x="0" y="3" />
		spri<spriteSheet>ironArmor</spriteSheet>
	</item>
	<item name="iron_sword" type="melee_weapon">
		<frame x="1" y="3" />
	</item>
	<item name="horn_bow" type="ranged_weapon">
		<frame x="2" y="3" />
	</item>
	<item name="fire_soul" type="resource" stackSize="20">
		<frame x="3" y="3" />
	</item>
	<item name="fire_sword" type="melee_weapon">
		<frame x="4" y="3" />
	</item>
	<item name="fire_bow" type="ranged_weapon">
		<frame x="5" y="3" />
	</item>
</items>