<?xml version="1.0" encoding="UTF-8"?>
<sprites>
	<spriteSheet name="character" width="7" height="9">
		<image>character.png</image>
		<animationTemplate>characterAnimation3</animationTemplate>
	</spriteSheet>
	<spriteSheet name="tree" width="15" height="22">
		<image>tree.png</image>
		<animationTemplate>structure</animationTemplate>
	</spriteSheet>
	<spriteSheet name="cottonBush" width="13" height="10">
		<image>cotton_bush.png</image>
		<animationTemplate>structure</animationTemplate>
	</spriteSheet>
	<spriteSheet name="rock" width="17" height="12">
		<image>rock.png</image>
		<animationTemplate>structure</animationTemplate>
	</spriteSheet>
</sprites>