<?xml version="1.0" encoding="UTF-8"?>
<sprites>
	<spriteSheet name="character" width="7" height="9">
		<image>character.png</image>
		<animationTemplate>characterAnimation3</animationTemplate>
	</spriteSheet>
	<spriteSheet name="leatherArmor" width="7" height="9">
		<image>leather_armor.png</image>
		<animationTemplate>characterAnimation3</animationTemplate>
	</spriteSheet>
	<spriteSheet name="hardLeatherArmor" width="7" height="9">
		<image>hard_leather_armor.png</image>
		<animationTemplate>characterAnimation3</animationTemplate>
	</spriteSheet>
	<spriteSheet name="ironArmor" width="7" height="9">
		<image>iron_armor.png</image>
		<animationTemplate>characterAnimation3</animationTemplate>
	</spriteSheet>
	<spriteSheet name="character" width="7" height="9">
		<image>character.png</image>
		<animationTemplate>characterAnimation3</animationTemplate>
	</spriteSheet>
	<spriteSheet name="tree" width="15" height="22">
		<image>tree.png</image>
		<animationTemplate>harvestableStructure</animationTemplate>
	</spriteSheet>
	<spriteSheet name="cottonBush" width="13" height="10">
		<image>cotton_bush.png</image>
		<animationTemplate>harvestableStructure</animationTemplate>
	</spriteSheet>
	<spriteSheet name="rock" width="17" height="12">
		<image>rock.png</image>
		<animationTemplate>harvestableStructure</animationTemplate>
	</spriteSheet>
	<spriteSheet name="wood_sword" width="5" height="7">
		<image>wood_sword.png</image>
		<animationTemplate>characterAnimation3</animationTemplate>
		<equipmentOffset>sword</equipmentOffset>
	</spriteSheet>
	<spriteSheet name="campfire" width="10" height="6">
		<image>campfire.png</image>
		<animationTemplate>animatedStructure2</animationTemplate>
	</spriteSheet>
</sprites>