<?xml version="1.0" encoding="UTF-8"?>
<structures>
	<structure name="tree" type="harvestable" solid="true">
		<spriteSheet>tree</spriteSheet>
		<harvestingTime>4</harvestingTime>
		<respawnTime min="150" max="200" />
		<itemReward>tree</itemReward>
	</structure>
	<structure name="cottonBush" type="harvestable" solid="true">
		<spriteSheet>cottonBush</spriteSheet>
		<harvestingTime>2</harvestingTime>
		<respawnTime min="100" max="150" />
		<itemReward>cotton</itemReward>
	</structure>
	<structure name="rock" type="harvestable" solid="true">
		<spriteSheet>rock</spriteSheet>
		<dimensions width="2" height="1" />
		<harvestingTime>6</harvestingTime>
		<respawnTime min="150" max="200" />
		<itemReward>rock</itemReward>
	</structure>
	<structure name="campfire" type="short_lived" solid="true">
		<spriteSheet>campfire</spriteSheet>
		<dimensions width="1" height="1" />
		<duration>120</duration>
	</structure>
</structures>