<?xml version="1.0" encoding="UTF-8"?>
<contentPackInfo>
	<name>Vanilla</name>
	<uniqueIdentifier>633d85fe-35f0-499a-b671-184396071e1b
	</uniqueIdentifier>
	<version>0.1</version>
	<author>Pixurvival</author>
	<description>Default content of the game</description>
<!-- 	<dependencies> -->
<!-- 		<dependency ref="laChose"> -->
<!-- 			<name>bidule</name> -->
<!-- 			<uniqueIdentifier>hjkhjkhjkh</uniqueIdentifier> -->
<!-- 			<version>0.1</version> -->
<!-- 		</dependency> -->
<!-- 	</dependencies> -->
</contentPackInfo>